<?xml version="1.0" encoding="UTF-8"?>
<beans xmlns="http://www.springframework.org/schema/beans" 
	xmlns:xsi="http://www.w3.org/2001/XMLSchema-instance" 
	xmlns:mvc="http://www.springframework.org/schema/mvc" 
        xmlns:util="http://www.springframework.org/schema/util"
	xsi:schemaLocation="http://www.springframework.org/schema/beans http://www.springframework.org/schema/beans/spring-beans-3.0.xsd
						http://www.springframework.org/schema/mvc http://www.springframework.org/schema/mvc/spring-mvc-3.0.xsd
						http://www.springframework.org/schema/util http://www.springframework.org/schema/util/spring-util-3.0.xsd">

	<!--mvc:interceptors>
	     <bean class="com.specl.rooster.interceptor.CommonRequestInterceptor">
	     	<property name="filterControllerSet">
	     		<set>
	     			<value>/showLogin.action</value>
	     			<value>/login.action</value>
	     		</set>
	     	</property>
	     </bean>
	</mvc:interceptors-->
	
	<bean id="viewResolver" class="org.springframework.web.servlet.view.InternalResourceViewResolver">
		<property name="viewClass" value="org.springframework.web.servlet.view.JstlView" />
		<property name="prefix" value="/WEB-INF/jsp" />
		<property name="suffix" value=".jsp"></property>
	</bean>		
</beans>
